stage,seed,method,pilot_ratio,snr_db,nmse,mse,mae,pilot_consistency_error,delay_sparsity_score,epochs_used,loss_mode,use_attention,use_condition,feature_discriminator,runtime_seconds
stage3b_incremental,42,LS,0.5000,10,0.55024707,0.27512354,0.37205760,0.00000000,0.62891626,0,,False,False,False,0.2495
stage3b_incremental,42,DnCNN,0.5000,10,0.54831983,0.27415992,0.37153473,0.00010183,0.62877397,3,,False,False,False,1.2233
stage3b_incremental,42,Enhanced-DnCNN,0.5000,10,0.54898450,0.27449225,0.37163638,0.00001872,0.62886219,3,,False,False,False,0.2811
stage3b_incremental,42,PICASSO-rec-base,0.5000,10,0.52430944,0.26215472,0.36364230,0.00647257,0.63094725,3,rec_only,False,False,False,0.5420
stage3b_incremental,42,PICASSO-rec-enhanced,0.5000,10,0.51335144,0.25667572,0.35963041,0.00968949,0.64173782,3,rec_only,False,False,False,0.6373
stage3b_incremental,42,PICASSO-rec-attn,0.5000,10,0.51710509,0.25855254,0.36009407,0.00714759,0.63675381,3,rec_only,True,False,False,0.6457
stage3b_incremental,42,PICASSO-rec-physics-enhanced,0.5000,10,0.51071258,0.25535629,0.35723918,0.00509566,0.64605203,3,rec_physics,True,False,False,0.6305
stage3b_incremental,42,PICASSO-full-feature,0.5000,10,0.52389917,0.26194958,0.36196005,0.00469034,0.63325688,3,full,True,False,True,0.9184
stage3b_incremental,42,PICASSO-cond-full-feature,0.5000,10,0.51682836,0.25841418,0.35945204,0.00512196,0.63845824,3,full,True,True,True,0.8893
stage3b_incremental,42,LS,0.5000,20,0.50509602,0.25254801,0.31090942,0.00000000,0.67809108,0,,False,False,False,0.0092
stage3b_incremental,42,DnCNN,0.5000,20,0.50408991,0.25204495,0.31111123,0.00019596,0.67770268,3,,False,False,False,0.0792
stage3b_incremental,42,Enhanced-DnCNN,0.5000,20,0.50481582,0.25240791,0.31093007,0.00003709,0.67800023,3,,False,False,False,0.2331
stage3b_incremental,42,PICASSO-rec-base,0.5000,20,0.47985149,0.23992575,0.30790041,0.00216317,0.68186004,3,rec_only,False,False,False,0.4632
stage3b_incremental,42,PICASSO-rec-enhanced,0.5000,20,0.47444620,0.23722310,0.30698509,0.00277176,0.68509035,3,rec_only,False,False,False,0.6647
stage3b_incremental,42,PICASSO-rec-attn,0.5000,20,0.48100466,0.24050233,0.30540011,0.00078789,0.68206157,3,rec_only,True,False,False,0.6617
stage3b_incremental,42,PICASSO-rec-physics-enhanced,0.5000,20,0.48627744,0.24313872,0.30693852,0.00088903,0.68004730,3,rec_physics,True,False,False,0.6449
stage3b_incremental,42,PICASSO-full-feature,0.5000,20,0.48277639,0.24138819,0.30587335,0.00090346,0.68260230,3,full,True,False,True,0.8761
stage3b_incremental,42,PICASSO-cond-full-feature,0.5000,20,0.48645043,0.24322521,0.30716351,0.00092854,0.68128459,3,full,True,True,True,0.8776
stage3b_incremental,42,LS,0.5000,30,0.50058091,0.25029046,0.29157268,0.00000000,0.68368948,0,,False,False,False,0.0089
stage3b_incremental,42,DnCNN,0.5000,30,0.49875809,0.24937904,0.29189809,0.00010494,0.68332283,3,,False,False,False,0.0893
stage3b_incremental,42,Enhanced-DnCNN,0.5000,30,0.50025988,0.25012994,0.29199271,0.00006185,0.68353133,3,,False,False,False,0.2380
stage3b_incremental,42,PICASSO-rec-base,0.5000,30,0.47822630,0.23911315,0.29365765,0.00164438,0.68588285,3,rec_only,False,False,False,0.4439
stage3b_incremental,42,PICASSO-rec-enhanced,0.5000,30,0.47612737,0.23806369,0.29276589,0.00157454,0.68667930,3,rec_only,False,False,False,0.6260
stage3b_incremental,42,PICASSO-rec-attn,0.5000,30,0.48384792,0.24192396,0.29043611,0.00055010,0.68494374,3,rec_only,True,False,False,0.6301
stage3b_incremental,42,PICASSO-rec-physics-enhanced,0.5000,30,0.48788559,0.24394279,0.29205570,0.00063213,0.68366103,3,rec_physics,True,False,False,0.6342
stage3b_incremental,42,PICASSO-full-feature,0.5000,30,0.49029916,0.24514958,0.29238403,0.00055743,0.68369308,3,full,True,False,True,0.8587
stage3b_incremental,42,PICASSO-cond-full-feature,0.5000,30,0.48811971,0.24405986,0.29107763,0.00044471,0.68385835,3,full,True,True,True,0.8735
stage3b_incremental,42,LS,0.2500,10,0.77538922,0.38769461,0.46867032,0.00000000,0.46740509,0,,False,False,False,0.0089
stage3b_incremental,42,DnCNN,0.2500,10,0.77313450,0.38656725,0.46798949,0.00005428,0.46946700,3,,False,False,False,0.1014
stage3b_incremental,42,Enhanced-DnCNN,0.2500,10,0.77523339,0.38761669,0.46864720,0.00005058,0.46791901,3,,False,False,False,0.2326
stage3b_incremental,42,PICASSO-rec-base,0.2500,10,0.75323461,0.37661730,0.46106570,0.00676281,0.50951807,3,rec_only,False,False,False,0.4430
stage3b_incremental,42,PICASSO-rec-enhanced,0.2500,10,0.75424170,0.37712085,0.46144371,0.00845250,0.51031207,3,rec_only,False,False,False,0.6260
stage3b_incremental,42,PICASSO-rec-attn,0.2500,10,0.74867101,0.37433551,0.45950334,0.00728241,0.52731606,3,rec_only,True,False,False,0.6375
stage3b_incremental,42,PICASSO-rec-physics-enhanced,0.2500,10,0.75793594,0.37896797,0.46235230,0.00403560,0.49192301,3,rec_physics,True,False,False,0.6338
stage3b_incremental,42,PICASSO-full-feature,0.2500,10,0.75382771,0.37691385,0.46111093,0.00411838,0.50320107,3,full,True,False,True,0.8591
stage3b_incremental,42,PICASSO-cond-full-feature,0.2500,10,0.76442386,0.38221193,0.46444410,0.00229173,0.48006904,3,full,True,True,True,0.8767
stage3b_incremental,42,LS,0.2500,20,0.75277285,0.37638643,0.43805838,0.00000000,0.49725594,0,,False,False,False,0.0092
stage3b_incremental,42,DnCNN,0.2500,20,0.75106868,0.37553434,0.43761131,0.00004064,0.49909414,3,,False,False,False,0.0780
stage3b_incremental,42,Enhanced-DnCNN,0.2500,20,0.75278404,0.37639202,0.43820655,0.00010453,0.49764542,3,,False,False,False,0.2340
stage3b_incremental,42,PICASSO-rec-base,0.2500,20,0.74170670,0.37085335,0.43626539,0.00131969,0.51327357,3,rec_only,False,False,False,0.4440
stage3b_incremental,42,PICASSO-rec-enhanced,0.2500,20,0.72869061,0.36434530,0.43173058,0.00090807,0.54417790,3,rec_only,False,False,False,0.6222
stage3b_incremental,42,PICASSO-rec-attn,0.2500,20,0.74054734,0.37027367,0.43492313,0.00047558,0.51348922,3,rec_only,True,False,False,0.6314
stage3b_incremental,42,PICASSO-rec-physics-enhanced,0.2500,20,0.73924853,0.36962426,0.43453193,0.00056151,0.51638074,3,rec_physics,True,False,False,0.6328
stage3b_incremental,42,PICASSO-full-feature,0.2500,20,0.73174533,0.36587267,0.43209155,0.00039887,0.53562754,3,full,True,False,True,0.8599
stage3b_incremental,42,PICASSO-cond-full-feature,0.2500,20,0.74233107,0.37116554,0.43537301,0.00044392,0.51104027,3,full,True,True,True,0.8755
stage3b_incremental,42,LS,0.2500,30,0.75051120,0.37525560,0.42837804,0.00000000,0.50065254,0,,False,False,False,0.0129
stage3b_incremental,42,DnCNN,0.2500,30,0.74849257,0.37424628,0.42806302,0.00006525,0.50280483,3,,False,False,False,0.0824
stage3b_incremental,42,Enhanced-DnCNN,0.2500,30,0.75046329,0.37523165,0.42860545,0.00005671,0.50098516,3,,False,False,False,0.2304
stage3b_incremental,42,PICASSO-rec-base,0.2500,30,0.73512588,0.36756294,0.42648946,0.00090347,0.52489701,3,rec_only,False,False,False,0.4430
stage3b_incremental,42,PICASSO-rec-enhanced,0.2500,30,0.73046042,0.36523021,0.42428546,0.00056144,0.53616275,3,rec_only,False,False,False,0.6259
stage3b_incremental,42,PICASSO-rec-attn,0.2500,30,0.73545335,0.36772668,0.42485704,0.00023491,0.52105162,3,rec_only,True,False,False,0.6329
stage3b_incremental,42,PICASSO-rec-physics-enhanced,0.2500,30,0.74609256,0.37304628,0.42884444,0.00048729,0.50790822,3,rec_physics,True,False,False,0.6325
stage3b_incremental,42,PICASSO-full-feature,0.2500,30,0.74071154,0.37035577,0.42634045,0.00020976,0.51396233,3,full,True,False,True,0.8581
stage3b_incremental,42,PICASSO-cond-full-feature,0.2500,30,0.74453428,0.37226714,0.42740346,0.00018930,0.50860062,3,full,True,True,True,0.8964
stage3b_incremental,42,LS,0.1250,10,0.88732347,0.44366173,0.51702781,0.00000000,0.32619677,0,,False,False,False,0.0103
stage3b_incremental,42,DnCNN,0.1250,10,0.88714536,0.44357268,0.51697904,0.00012003,0.32843236,3,,False,False,False,0.1167
stage3b_incremental,42,Enhanced-DnCNN,0.1250,10,0.88720456,0.44360228,0.51699069,0.00001318,0.32714330,3,,False,False,False,0.2358
stage3b_incremental,42,PICASSO-rec-base,0.1250,10,0.87485223,0.43742611,0.51273759,0.00708860,0.40590051,3,rec_only,False,False,False,0.4453
stage3b_incremental,42,PICASSO-rec-enhanced,0.1250,10,0.87423843,0.43711922,0.51249251,0.00701606,0.41986027,3,rec_only,False,False,False,0.6252
stage3b_incremental,42,PICASSO-rec-attn,0.1250,10,0.87499282,0.43749641,0.51274885,0.00723385,0.39982658,3,rec_only,True,False,False,0.6317
stage3b_incremental,42,PICASSO-rec-physics-enhanced,0.1250,10,0.87732197,0.43866099,0.51345293,0.00420985,0.37732896,3,rec_physics,True,False,False,0.6309
stage3b_incremental,42,PICASSO-full-feature,0.1250,10,0.87817687,0.43908843,0.51374893,0.00377461,0.36774936,3,full,True,False,True,0.8589
stage3b_incremental,42,PICASSO-cond-full-feature,0.1250,10,0.88454495,0.44227248,0.51579522,0.00126137,0.33898959,3,full,True,True,True,0.8748
stage3b_incremental,42,LS,0.1250,20,0.87590462,0.43795231,0.50163157,0.00000000,0.34143147,0,,False,False,False,0.0108
stage3b_incremental,42,DnCNN,0.1250,20,0.87541130,0.43770565,0.50151873,0.00004058,0.34379410,3,,False,False,False,0.0807
stage3b_incremental,42,Enhanced-DnCNN,0.1250,20,0.87587816,0.43793908,0.50163874,0.00003364,0.34233286,3,,False,False,False,0.2325
stage3b_incremental,42,PICASSO-rec-base,0.1250,20,0.87038919,0.43519460,0.50059934,0.00107002,0.37349478,3,rec_only,False,False,False,0.4456
stage3b_incremental,42,PICASSO-rec-enhanced,0.1250,20,0.87245613,0.43622807,0.50132780,0.00125004,0.36294890,3,rec_only,False,False,False,0.6266
stage3b_incremental,42,PICASSO-rec-attn,0.1250,20,0.86910886,0.43455443,0.49982981,0.00043349,0.37095664,3,rec_only,True,False,False,0.6354
stage3b_incremental,42,PICASSO-rec-physics-enhanced,0.1250,20,0.86708060,0.43354030,0.49918096,0.00044967,0.38662779,3,rec_physics,True,False,False,0.6293
stage3b_incremental,42,PICASSO-full-feature,0.1250,20,0.87342517,0.43671259,0.50115827,0.00050645,0.35469892,3,full,True,False,True,0.8569
stage3b_incremental,42,PICASSO-cond-full-feature,0.1250,20,0.87348819,0.43674409,0.50115041,0.00048624,0.35322209,3,full,True,True,True,0.8792
stage3b_incremental,42,LS,0.1250,30,0.87476276,0.43738138,0.49676286,0.00000000,0.34348421,0,,False,False,False,0.0091
stage3b_incremental,42,DnCNN,0.1250,30,0.87539348,0.43769674,0.49764545,0.00036771,0.34552751,3,,False,False,False,0.1140
stage3b_incremental,42,Enhanced-DnCNN,0.1250,30,0.87460311,0.43730155,0.49677546,0.00002516,0.34416464,3,,False,False,False,0.2373
stage3b_incremental,42,PICASSO-rec-base,0.1250,30,0.86738470,0.43369235,0.49553554,0.00060354,0.38138176,3,rec_only,False,False,False,0.4430
stage3b_incremental,42,PICASSO-rec-enhanced,0.1250,30,0.87152541,0.43576270,0.49759869,0.00125310,0.36664440,3,rec_only,False,False,False,0.6229
stage3b_incremental,42,PICASSO-rec-attn,0.1250,30,0.87175283,0.43587641,0.49660373,0.00038618,0.35877192,3,rec_only,True,False,False,0.6806
stage3b_incremental,42,PICASSO-rec-physics-enhanced,0.1250,30,0.87008306,0.43504153,0.49594934,0.00028281,0.36576596,3,rec_physics,True,False,False,0.6339
stage3b_incremental,42,PICASSO-full-feature,0.1250,30,0.86952963,0.43476482,0.49573229,0.00027707,0.36837837,3,full,True,False,True,0.8510
stage3b_incremental,42,PICASSO-cond-full-feature,0.1250,30,0.87200382,0.43600191,0.49670215,0.00041420,0.35745722,3,full,True,True,True,0.8816
stage3b_incremental,42,LS,0.0625,10,0.94385612,0.47192806,0.54113945,0.00000000,0.20937253,0,,False,False,False,0.0093
stage3b_incremental,42,DnCNN,0.0625,10,0.94383657,0.47191828,0.54113884,0.00007545,0.21504042,3,,False,False,False,0.0778
stage3b_incremental,42,Enhanced-DnCNN,0.0625,10,0.94396754,0.47198377,0.54116924,0.00017408,0.21422144,3,,False,False,False,0.2350
stage3b_incremental,42,PICASSO-rec-base,0.0625,10,0.94211984,0.47105992,0.54045892,0.00367459,0.25061321,3,rec_only,False,False,False,0.4443
stage3b_incremental,42,PICASSO-rec-enhanced,0.0625,10,0.93983360,0.46991680,0.53973915,0.00720640,0.28800578,3,rec_only,False,False,False,0.6221
stage3b_incremental,42,PICASSO-rec-attn,0.0625,10,0.94047748,0.47023874,0.53985490,0.00492427,0.25678220,3,rec_only,True,False,False,0.6345
stage3b_incremental,42,PICASSO-rec-physics-enhanced,0.0625,10,0.94031933,0.47015966,0.53980747,0.00391309,0.25834826,3,rec_physics,True,False,False,0.6286
stage3b_incremental,42,PICASSO-full-feature,0.0625,10,0.93899222,0.46949611,0.53937744,0.00405794,0.28637008,3,full,True,False,True,0.8606
stage3b_incremental,42,PICASSO-cond-full-feature,0.0625,10,0.94169362,0.47084681,0.54022154,0.00255727,0.23989745,3,full,True,True,True,0.8730
stage3b_incremental,42,LS,0.0625,20,0.93820453,0.46910226,0.53347033,0.00000000,0.21247579,0,,False,False,False,0.0110
stage3b_incremental,42,DnCNN,0.0625,20,0.93796164,0.46898082,0.53341646,0.00005820,0.21788430,3,,False,False,False,0.1305
stage3b_incremental,42,Enhanced-DnCNN,0.0625,20,0.93825673,0.46912836,0.53350945,0.00006004,0.21629042,3,,False,False,False,0.2343
stage3b_incremental,42,PICASSO-rec-base,0.0625,20,0.93478698,0.46739349,0.53271465,0.00098832,0.27412066,3,rec_only,False,False,False,0.4450
stage3b_incremental,42,PICASSO-rec-enhanced,0.0625,20,0.93771416,0.46885708,0.53372763,0.00141524,0.24943578,3,rec_only,False,False,False,0.6207
stage3b_incremental,42,PICASSO-rec-attn,0.0625,20,0.93594797,0.46797398,0.53287940,0.00043315,0.24922562,3,rec_only,True,False,False,0.6286
stage3b_incremental,42,PICASSO-rec-physics-enhanced,0.0625,20,0.93722668,0.46861334,0.53325996,0.00045057,0.23201853,3,rec_physics,True,False,False,0.6346
stage3b_incremental,42,PICASSO-full-feature,0.0625,20,0.93629830,0.46814915,0.53303580,0.00056173,0.24723447,3,full,True,False,True,0.8621
stage3b_incremental,42,PICASSO-cond-full-feature,0.0625,20,0.93733491,0.46866746,0.53333902,0.00042897,0.23630430,3,full,True,True,True,0.8827
stage3b_incremental,42,LS,0.0625,30,0.93763939,0.46881969,0.53104517,0.00000000,0.21268972,0,,False,False,False,0.0092
stage3b_incremental,42,DnCNN,0.0625,30,0.93845640,0.46922820,0.53179139,0.00063424,0.22847790,3,,False,False,False,0.0821
stage3b_incremental,42,Enhanced-DnCNN,0.0625,30,0.93765393,0.46882696,0.53111209,0.00005941,0.21490984,3,,False,False,False,0.2331
stage3b_incremental,42,PICASSO-rec-base,0.0625,30,0.93620361,0.46810181,0.53165255,0.00148189,0.25370399,3,rec_only,False,False,False,0.4450
stage3b_incremental,42,PICASSO-rec-enhanced,0.0625,30,0.93522219,0.46761110,0.53088938,0.00067701,0.25759747,3,rec_only,False,False,False,0.6274
stage3b_incremental,42,PICASSO-rec-attn,0.0625,30,0.93617390,0.46808695,0.53088908,0.00029694,0.23641307,3,rec_only,True,False,False,0.6332
stage3b_incremental,42,PICASSO-rec-physics-enhanced,0.0625,30,0.93524542,0.46762271,0.53060761,0.00027352,0.24906483,3,rec_physics,True,False,False,0.6311
stage3b_incremental,42,PICASSO-full-feature,0.0625,30,0.93570891,0.46785446,0.53068185,0.00022583,0.24513887,3,full,True,False,True,0.8555
stage3b_incremental,42,PICASSO-cond-full-feature,0.0625,30,0.93774021,0.46887010,0.53134573,0.00031827,0.22633490,3,full,True,True,True,0.8907
stage3b_incremental,123,LS,0.5000,10,0.54970039,0.27485020,0.37210619,0.00000000,0.62956576,0,,False,False,False,0.0134
stage3b_incremental,123,DnCNN,0.5000,10,0.54597007,0.27298503,0.37094861,0.00009908,0.62940164,3,,False,False,False,0.1333
stage3b_incremental,123,Enhanced-DnCNN,0.5000,10,0.54805966,0.27402983,0.37158326,0.00001421,0.62951834,3,,False,False,False,0.2352
stage3b_incremental,123,PICASSO-rec-base,0.5000,10,0.50610133,0.25305067,0.35796625,0.00836488,0.64194949,3,rec_only,False,False,False,0.4461
stage3b_incremental,123,PICASSO-rec-enhanced,0.5000,10,0.51738013,0.25869007,0.36184931,0.00648945,0.63266733,3,rec_only,False,False,False,0.6240
stage3b_incremental,123,PICASSO-rec-attn,0.5000,10,0.50498741,0.25249371,0.35661677,0.00614775,0.64242738,3,rec_only,True,False,False,0.6334
stage3b_incremental,123,PICASSO-rec-physics-enhanced,0.5000,10,0.50242348,0.25121174,0.35475367,0.00466902,0.65077624,3,rec_physics,True,False,False,0.6332
stage3b_incremental,123,PICASSO-full-feature,0.5000,10,0.52412604,0.26206302,0.36252114,0.00392279,0.63256069,3,full,True,False,True,0.8628
stage3b_incremental,123,PICASSO-cond-full-feature,0.5000,10,0.53339049,0.26669525,0.36619348,0.00248043,0.62942219,3,full,True,True,True,0.8889
stage3b_incremental,123,LS,0.5000,20,0.50449301,0.25224651,0.31090813,0.00000000,0.67862205,0,,False,False,False,0.0102
stage3b_incremental,123,DnCNN,0.5000,20,0.50286399,0.25143199,0.31068450,0.00009989,0.67827703,3,,False,False,False,0.0870
stage3b_incremental,123,Enhanced-DnCNN,0.5000,20,0.50182642,0.25091321,0.31016659,0.00001302,0.67864780,3,,False,False,False,0.2350
stage3b_incremental,123,PICASSO-rec-base,0.5000,20,0.47106065,0.23553032,0.30500276,0.00203520,0.68450798,3,rec_only,False,False,False,0.4538
stage3b_incremental,123,PICASSO-rec-enhanced,0.5000,20,0.46476965,0.23238482,0.30337122,0.00232707,0.68780209,3,rec_only,False,False,False,0.6354
stage3b_incremental,123,PICASSO-rec-attn,0.5000,20,0.46075021,0.23037511,0.29920119,0.00093527,0.69188684,3,rec_only,True,False,False,0.6522
stage3b_incremental,123,PICASSO-rec-physics-enhanced,0.5000,20,0.46232864,0.23116432,0.29979287,0.00119605,0.69347736,3,rec_physics,True,False,False,0.6320
stage3b_incremental,123,PICASSO-full-feature,0.5000,20,0.47535931,0.23767965,0.30416606,0.00115270,0.68530685,3,full,True,False,True,0.8517
stage3b_incremental,123,PICASSO-cond-full-feature,0.5000,20,0.48702645,0.24351322,0.30739580,0.00087185,0.67981611,3,full,True,True,True,0.8820
stage3b_incremental,123,LS,0.5000,30,0.49997228,0.24998614,0.29155562,0.00000000,0.68422168,0,,False,False,False,0.0101
stage3b_incremental,123,DnCNN,0.5000,30,0.49630367,0.24815184,0.29085382,0.00004141,0.68424341,3,,False,False,False,0.0977
stage3b_incremental,123,Enhanced-DnCNN,0.5000,30,0.49916956,0.24958478,0.29160150,0.00003398,0.68413302,3,,False,False,False,0.2412
stage3b_incremental,123,PICASSO-rec-base,0.5000,30,0.47414044,0.23707022,0.29550235,0.00237238,0.68527727,3,rec_only,False,False,False,0.4471
stage3b_incremental,123,PICASSO-rec-enhanced,0.5000,30,0.46676121,0.23338060,0.29006872,0.00153615,0.68917687,3,rec_only,False,False,False,0.6249
stage3b_incremental,123,PICASSO-rec-attn,0.5000,30,0.48455890,0.24227945,0.29166180,0.00068032,0.68413988,3,rec_only,True,False,False,0.6274
stage3b_incremental,123,PICASSO-rec-physics-enhanced,0.5000,30,0.47119759,0.23559880,0.28656390,0.00052798,0.68900195,3,rec_physics,True,False,False,0.6316
stage3b_incremental,123,PICASSO-full-feature,0.5000,30,0.47958385,0.23979193,0.28960551,0.00060388,0.68636578,3,full,True,False,True,0.8632
stage3b_incremental,123,PICASSO-cond-full-feature,0.5000,30,0.48573683,0.24286842,0.29036351,0.00043099,0.68443985,3,full,True,True,True,0.8815
stage3b_incremental,123,LS,0.2500,10,0.77496670,0.38748335,0.46879683,0.00000000,0.46708929,0,,False,False,False,0.0133
stage3b_incremental,123,DnCNN,0.2500,10,0.77604240,0.38802120,0.46936235,0.00089645,0.46745320,3,,False,False,False,0.1029
stage3b_incremental,123,Enhanced-DnCNN,0.2500,10,0.77462903,0.38731451,0.46869324,0.00001127,0.46751434,3,,False,False,False,0.2328
stage3b_incremental,123,PICASSO-rec-base,0.2500,10,0.75704667,0.37852333,0.46283150,0.00516306,0.48757822,3,rec_only,False,False,False,0.4435
stage3b_incremental,123,PICASSO-rec-enhanced,0.2500,10,0.73829548,0.36914774,0.45657746,0.00679941,0.54806009,3,rec_only,False,False,False,0.6245
stage3b_incremental,123,PICASSO-rec-attn,0.2500,10,0.74527071,0.37263536,0.45887235,0.00735200,0.51506302,3,rec_only,True,False,False,0.6398
stage3b_incremental,123,PICASSO-rec-physics-enhanced,0.2500,10,0.75966284,0.37983142,0.46323656,0.00300749,0.48349363,3,rec_physics,True,False,False,0.6333
stage3b_incremental,123,PICASSO-full-feature,0.2500,10,0.74785009,0.37392505,0.45954069,0.00414051,0.50996871,3,full,True,False,True,0.8568
stage3b_incremental,123,PICASSO-cond-full-feature,0.2500,10,0.75645737,0.37822869,0.46219537,0.00277685,0.49007682,3,full,True,True,True,0.8827
stage3b_incremental,123,LS,0.2500,20,0.75229292,0.37614646,0.43813334,0.00000000,0.49645359,0,,False,False,False,0.0105
stage3b_incremental,123,DnCNN,0.2500,20,0.75194055,0.37597027,0.43839151,0.00029214,0.49724282,3,,False,False,False,0.0864
stage3b_incremental,123,Enhanced-DnCNN,0.2500,20,0.75158805,0.37579402,0.43796068,0.00001426,0.49711742,3,,False,False,False,0.2331
stage3b_incremental,123,PICASSO-rec-base,0.2500,20,0.71907313,0.35953657,0.42885858,0.00082573,0.55783354,3,rec_only,False,False,False,0.4408
stage3b_incremental,123,PICASSO-rec-enhanced,0.2500,20,0.73118638,0.36559319,0.43306497,0.00112112,0.52607980,3,rec_only,False,False,False,0.6218
stage3b_incremental,123,PICASSO-rec-attn,0.2500,20,0.72533599,0.36266799,0.43058907,0.00044791,0.53490873,3,rec_only,True,False,False,0.6263
stage3b_incremental,123,PICASSO-rec-physics-enhanced,0.2500,20,0.74013351,0.37006675,0.43504672,0.00052562,0.51039088,3,rec_physics,True,False,False,0.6341
stage3b_incremental,123,PICASSO-full-feature,0.2500,20,0.72872290,0.36436145,0.43152452,0.00042933,0.53007168,3,full,True,False,True,0.8609
stage3b_incremental,123,PICASSO-cond-full-feature,0.2500,20,0.74804470,0.37402235,0.43771149,0.00076164,0.50247446,3,full,True,True,True,0.8747
stage3b_incremental,123,LS,0.2500,30,0.75002556,0.37501278,0.42843670,0.00000000,0.49980889,0,,False,False,False,0.0096
stage3b_incremental,123,DnCNN,0.2500,30,0.74749327,0.37374663,0.42792075,0.00005315,0.50211697,3,,False,False,False,0.0828
stage3b_incremental,123,Enhanced-DnCNN,0.2500,30,0.74921359,0.37460680,0.42827175,0.00001448,0.50049350,3,,False,False,False,0.2331
stage3b_incremental,123,PICASSO-rec-base,0.2500,30,0.73543195,0.36771598,0.42742714,0.00108405,0.51741464,3,rec_only,False,False,False,0.4457
stage3b_incremental,123,PICASSO-rec-enhanced,0.2500,30,0.73261401,0.36630701,0.42693964,0.00128473,0.52111833,3,rec_only,False,False,False,0.6247
stage3b_incremental,123,PICASSO-rec-attn,0.2500,30,0.73433174,0.36716587,0.42495735,0.00029275,0.51784812,3,rec_only,True,False,False,0.6334
stage3b_incremental,123,PICASSO-rec-physics-enhanced,0.2500,30,0.73743919,0.36871959,0.42600361,0.00032323,0.51368466,3,rec_physics,True,False,False,0.6311
stage3b_incremental,123,PICASSO-full-feature,0.2500,30,0.74187441,0.37093721,0.42737606,0.00035622,0.50875539,3,full,True,False,True,0.8598
stage3b_incremental,123,PICASSO-cond-full-feature,0.2500,30,0.74355103,0.37177552,0.42780849,0.00034954,0.50723124,3,full,True,True,True,0.8820
stage3b_incremental,123,LS,0.1250,10,0.88731486,0.44365743,0.51722845,0.00000000,0.32558686,0,,False,False,False,0.0097
stage3b_incremental,123,DnCNN,0.1250,10,0.88672514,0.44336257,0.51706590,0.00009888,0.32860743,3,,False,False,False,0.0861
stage3b_incremental,123,Enhanced-DnCNN,0.1250,10,0.88748334,0.44374167,0.51728246,0.00014766,0.32721001,3,,False,False,False,0.2383
stage3b_incremental,123,PICASSO-rec-base,0.1250,10,0.87957130,0.43978565,0.51457861,0.00414492,0.35923052,3,rec_only,False,False,False,0.4423
stage3b_incremental,123,PICASSO-rec-enhanced,0.1250,10,0.87228300,0.43614150,0.51233672,0.00763653,0.40874185,3,rec_only,False,False,False,0.6200
stage3b_incremental,123,PICASSO-rec-attn,0.1250,10,0.87365089,0.43682545,0.51265296,0.00672015,0.38634052,3,rec_only,True,False,False,0.6256
stage3b_incremental,123,PICASSO-rec-physics-enhanced,0.1250,10,0.87432037,0.43716019,0.51281720,0.00352994,0.38529205,3,rec_physics,True,False,False,0.6335
stage3b_incremental,123,PICASSO-full-feature,0.1250,10,0.87628643,0.43814322,0.51340847,0.00370579,0.37077396,3,full,True,False,True,0.8528
stage3b_incremental,123,PICASSO-cond-full-feature,0.1250,10,0.88273588,0.44136794,0.51541224,0.00194186,0.34249819,3,full,True,True,True,0.8738
stage3b_incremental,123,LS,0.1250,20,0.87582076,0.43791038,0.50178413,0.00000000,0.34063166,0,,False,False,False,0.0126
stage3b_incremental,123,DnCNN,0.1250,20,0.87492682,0.43746341,0.50155038,0.00002876,0.34357171,3,,False,False,False,0.0763
stage3b_incremental,123,Enhanced-DnCNN,0.1250,20,0.87574637,0.43787318,0.50179225,0.00005309,0.34148613,3,,False,False,False,0.2326
stage3b_incremental,123,PICASSO-rec-base,0.1250,20,0.86917606,0.43458803,0.50051174,0.00116804,0.37020330,3,rec_only,False,False,False,0.4433
stage3b_incremental,123,PICASSO-rec-enhanced,0.1250,20,0.86968426,0.43484213,0.50081682,0.00140679,0.37061984,3,rec_only,False,False,False,0.6310
stage3b_incremental,123,PICASSO-rec-attn,0.1250,20,0.86206155,0.43103077,0.49789429,0.00033637,0.40013109,3,rec_only,True,False,False,0.6356
stage3b_incremental,123,PICASSO-rec-physics-enhanced,0.1250,20,0.86278535,0.43139268,0.49808743,0.00036658,0.40094987,3,rec_physics,True,False,False,0.6322
stage3b_incremental,123,PICASSO-full-feature,0.1250,20,0.86740668,0.43370334,0.49958082,0.00051141,0.37092412,3,full,True,False,True,0.8582
stage3b_incremental,123,PICASSO-cond-full-feature,0.1250,20,0.87229364,0.43614682,0.50090609,0.00034235,0.35556263,3,full,True,True,True,0.8861
stage3b_incremental,123,LS,0.1250,30,0.87467138,0.43733569,0.49690021,0.00000000,0.34253203,0,,False,False,False,0.0087
stage3b_incremental,123,DnCNN,0.1250,30,0.87519740,0.43759870,0.49753455,0.00024455,0.34497853,3,,False,False,False,0.0913
stage3b_incremental,123,Enhanced-DnCNN,0.1250,30,0.87459311,0.43729655,0.49691070,0.00001777,0.34326351,3,,False,False,False,0.2328
stage3b_incremental,123,PICASSO-rec-base,0.1250,30,0.86618882,0.43309441,0.49540215,0.00055591,0.37611876,3,rec_only,False,False,False,0.4416
stage3b_incremental,123,PICASSO-rec-enhanced,0.1250,30,0.86352067,0.43176033,0.49474847,0.00068414,0.39145756,3,rec_only,False,False,False,0.6274
stage3b_incremental,123,PICASSO-rec-attn,0.1250,30,0.86936378,0.43468189,0.49621959,0.00048410,0.36122295,3,rec_only,True,False,False,0.6318
stage3b_incremental,123,PICASSO-rec-physics-enhanced,0.1250,30,0.86850503,0.43425252,0.49559400,0.00024230,0.36417282,3,rec_physics,True,False,False,0.6329
stage3b_incremental,123,PICASSO-full-feature,0.1250,30,0.86939807,0.43469904,0.49600997,0.00033705,0.36193517,3,full,True,False,True,0.8588
stage3b_incremental,123,PICASSO-cond-full-feature,0.1250,30,0.87293673,0.43646836,0.49686915,0.00025508,0.35436305,3,full,True,True,True,0.8758
stage3b_incremental,123,LS,0.0625,10,0.94380659,0.47190329,0.54137406,0.00000000,0.20950548,0,,False,False,False,0.0094
stage3b_incremental,123,DnCNN,0.0625,10,0.94363075,0.47181538,0.54130982,0.00007802,0.21551563,3,,False,False,False,0.0839
stage3b_incremental,123,Enhanced-DnCNN,0.0625,10,0.94393620,0.47196810,0.54141995,0.00009535,0.21278936,3,,False,False,False,0.2326
stage3b_incremental,123,PICASSO-rec-base,0.0625,10,0.94075546,0.47037773,0.54027307,0.00419590,0.25571544,3,rec_only,False,False,False,0.4459
stage3b_incremental,123,PICASSO-rec-enhanced,0.0625,10,0.93902519,0.46951260,0.53986865,0.00660943,0.28003740,3,rec_only,False,False,False,0.6281
stage3b_incremental,123,PICASSO-rec-attn,0.0625,10,0.93800811,0.46900406,0.53938974,0.00631973,0.27894725,3,rec_only,True,False,False,0.6309
stage3b_incremental,123,PICASSO-rec-physics-enhanced,0.0625,10,0.94135027,0.47067513,0.54043587,0.00260466,0.24221579,3,rec_physics,True,False,False,0.6325
stage3b_incremental,123,PICASSO-full-feature,0.0625,10,0.93915966,0.46957983,0.53975035,0.00383070,0.27182864,3,full,True,False,True,0.8583
stage3b_incremental,123,PICASSO-cond-full-feature,0.0625,10,0.94213574,0.47106787,0.54066020,0.00167411,0.23864014,3,full,True,True,True,0.8827
stage3b_incremental,123,LS,0.0625,20,0.93809909,0.46904954,0.53367727,0.00000000,0.21278274,0,,False,False,False,0.0089
stage3b_incremental,123,DnCNN,0.0625,20,0.93803202,0.46901601,0.53373753,0.00022405,0.21981477,3,,False,False,False,0.1146
stage3b_incremental,123,Enhanced-DnCNN,0.0625,20,0.93812919,0.46906459,0.53370506,0.00003892,0.21497279,3,,False,False,False,0.2412
stage3b_incremental,123,PICASSO-rec-base,0.0625,20,0.93720211,0.46860106,0.53380945,0.00150883,0.24744970,3,rec_only,False,False,False,0.4459
stage3b_incremental,123,PICASSO-rec-enhanced,0.0625,20,0.93429691,0.46714845,0.53289486,0.00126066,0.27010809,3,rec_only,False,False,False,0.6263
stage3b_incremental,123,PICASSO-rec-attn,0.0625,20,0.93568228,0.46784114,0.53309284,0.00045350,0.24435386,3,rec_only,True,False,False,0.6320
stage3b_incremental,123,PICASSO-rec-physics-enhanced,0.0625,20,0.93426122,0.46713061,0.53267299,0.00055658,0.26435633,3,rec_physics,True,False,False,0.6327
stage3b_incremental,123,PICASSO-full-feature,0.0625,20,0.93624094,0.46812047,0.53328690,0.00061134,0.23910479,3,full,True,False,True,0.8536
stage3b_incremental,123,PICASSO-cond-full-feature,0.0625,20,0.93648754,0.46824377,0.53325225,0.00027136,0.23713890,3,full,True,True,True,0.8754
stage3b_incremental,123,LS,0.0625,30,0.93752834,0.46876417,0.53124331,0.00000000,0.21293632,0,,False,False,False,0.0096
stage3b_incremental,123,DnCNN,0.0625,30,0.94019867,0.47009934,0.53290366,0.00107487,0.25142404,3,,False,False,False,0.0765
stage3b_incremental,123,Enhanced-DnCNN,0.0625,30,0.93756016,0.46878008,0.53128964,0.00002636,0.21672599,3,,False,False,False,0.2320
stage3b_incremental,123,PICASSO-rec-base,0.0625,30,0.93402056,0.46701028,0.53087778,0.00078475,0.26836678,3,rec_only,False,False,False,0.4466
stage3b_incremental,123,PICASSO-rec-enhanced,0.0625,30,0.93499328,0.46749664,0.53145713,0.00124118,0.25948511,3,rec_only,False,False,False,0.6273
stage3b_incremental,123,PICASSO-rec-attn,0.0625,30,0.93532954,0.46766477,0.53083682,0.00022849,0.23994459,3,rec_only,True,False,False,0.6269
stage3b_incremental,123,PICASSO-rec-physics-enhanced,0.0625,30,0.93613128,0.46806564,0.53115906,0.00036432,0.23634909,3,rec_physics,True,False,False,0.6275
stage3b_incremental,123,PICASSO-full-feature,0.0625,30,0.93663146,0.46831573,0.53128041,0.00034447,0.23440865,3,full,True,False,True,0.8537
stage3b_incremental,123,PICASSO-cond-full-feature,0.0625,30,0.93730359,0.46865179,0.53151514,0.00038385,0.23296594,3,full,True,True,True,0.8727
