stage,seed,method,pilot_ratio,snr_db,epoch,train_loss,val_nmse,learning_rate
stage3a_larger_training,42,DnCNN,0.1250,10,1,0.44448634,0.88702725,0.00010000
stage3a_larger_training,42,DnCNN,0.1250,10,2,0.44370377,0.88641773,0.00010000
stage3a_larger_training,42,DnCNN,0.1250,10,3,0.44339849,0.88556854,0.00010000
stage3a_larger_training,42,DnCNN,0.1250,10,4,0.44290654,0.88425754,0.00010000
stage3a_larger_training,42,DnCNN,0.1250,10,5,0.44211590,0.88213849,0.00010000
stage3a_larger_training,42,DnCNN,0.1250,10,6,0.44088920,0.87919983,0.00010000
stage3a_larger_training,42,DnCNN,0.1250,10,7,0.43934079,0.87584037,0.00010000
stage3a_larger_training,42,DnCNN,0.1250,10,8,0.43777100,0.87271897,0.00010000
stage3a_larger_training,42,DnCNN,0.1250,10,9,0.43659553,0.87074409,0.00010000
stage3a_larger_training,42,DnCNN,0.1250,10,10,0.43599730,0.86975715,0.00010000
stage3a_larger_training,42,Enhanced-DnCNN,0.1250,10,1,0.44401259,0.88696870,0.00010000
stage3a_larger_training,42,Enhanced-DnCNN,0.1250,10,2,0.44378563,0.88664590,0.00010000
stage3a_larger_training,42,Enhanced-DnCNN,0.1250,10,3,0.44345957,0.88526735,0.00010000
stage3a_larger_training,42,Enhanced-DnCNN,0.1250,10,4,0.44201806,0.88075708,0.00010000
stage3a_larger_training,42,Enhanced-DnCNN,0.1250,10,5,0.43959687,0.87699552,0.00010000
stage3a_larger_training,42,Enhanced-DnCNN,0.1250,10,6,0.43834521,0.87501867,0.00010000
stage3a_larger_training,42,Enhanced-DnCNN,0.1250,10,7,0.43748212,0.87261753,0.00010000
stage3a_larger_training,42,Enhanced-DnCNN,0.1250,10,8,0.43652591,0.87070081,0.00010000
stage3a_larger_training,42,Enhanced-DnCNN,0.1250,10,9,0.43594421,0.86949247,0.00010000
stage3a_larger_training,42,Enhanced-DnCNN,0.1250,10,10,0.43554519,0.86882654,0.00010000
stage3a_larger_training,42,PICASSO-rec,0.1250,10,1,0.51822097,0.88175015,0.00010000
stage3a_larger_training,42,PICASSO-rec,0.1250,10,2,0.51393925,0.87239392,0.00010000
stage3a_larger_training,42,PICASSO-rec,0.1250,10,3,0.51160587,0.86879073,0.00010000
stage3a_larger_training,42,PICASSO-rec,0.1250,10,4,0.51078459,0.86812635,0.00010000
stage3a_larger_training,42,PICASSO-rec,0.1250,10,5,0.51052802,0.86759670,0.00010000
stage3a_larger_training,42,PICASSO-rec,0.1250,10,6,0.51038593,0.86734281,0.00010000
stage3a_larger_training,42,PICASSO-rec,0.1250,10,7,0.51025721,0.86715829,0.00010000
stage3a_larger_training,42,PICASSO-rec,0.1250,10,8,0.51016717,0.86708833,0.00010000
stage3a_larger_training,42,PICASSO-rec,0.1250,10,9,0.51006905,0.86664282,0.00010000
stage3a_larger_training,42,PICASSO-rec,0.1250,10,10,0.50997991,0.86669575,0.00010000
stage3a_larger_training,42,PICASSO-rec-physics,0.1250,10,1,0.52425968,0.87764297,0.00010000
stage3a_larger_training,42,PICASSO-rec-physics,0.1250,10,2,0.52045247,0.87109654,0.00010000
stage3a_larger_training,42,PICASSO-rec-physics,0.1250,10,3,0.51886726,0.86912221,0.00010000
stage3a_larger_training,42,PICASSO-rec-physics,0.1250,10,4,0.51839305,0.86862308,0.00010000
stage3a_larger_training,42,PICASSO-rec-physics,0.1250,10,5,0.51811806,0.86824483,0.00010000
stage3a_larger_training,42,PICASSO-rec-physics,0.1250,10,6,0.51793148,0.86799222,0.00010000
stage3a_larger_training,42,PICASSO-rec-physics,0.1250,10,7,0.51779730,0.86776137,0.00010000
stage3a_larger_training,42,PICASSO-rec-physics,0.1250,10,8,0.51768416,0.86756696,0.00010000
stage3a_larger_training,42,PICASSO-rec-physics,0.1250,10,9,0.51759524,0.86761785,0.00010000
stage3a_larger_training,42,PICASSO-rec-physics,0.1250,10,10,0.51755468,0.86730063,0.00010000
stage3a_larger_training,42,PICASSO-full,0.1250,10,1,0.52922738,0.88556348,0.00010000
stage3a_larger_training,42,PICASSO-full,0.1250,10,2,0.52343305,0.88011751,0.00010000
stage3a_larger_training,42,PICASSO-full,0.1250,10,3,0.52202252,0.87514602,0.00010000
stage3a_larger_training,42,PICASSO-full,0.1250,10,4,0.52044614,0.87139253,0.00010000
stage3a_larger_training,42,PICASSO-full,0.1250,10,5,0.51971695,0.86962238,0.00010000
stage3a_larger_training,42,PICASSO-full,0.1250,10,6,0.51998679,0.86872596,0.00010000
stage3a_larger_training,42,PICASSO-full,0.1250,10,7,0.52203297,0.86861376,0.00010000
stage3a_larger_training,42,PICASSO-full,0.1250,10,8,0.52410573,0.86845747,0.00010000
stage3a_larger_training,42,PICASSO-full,0.1250,10,9,0.52494999,0.86827138,0.00010000
stage3a_larger_training,42,PICASSO-full,0.1250,10,10,0.52523235,0.86833534,0.00010000
stage3a_larger_training,42,PICASSO-cond-full,0.1250,10,1,0.52556059,0.88169059,0.00010000
stage3a_larger_training,42,PICASSO-cond-full,0.1250,10,2,0.52173933,0.87446420,0.00010000
stage3a_larger_training,42,PICASSO-cond-full,0.1250,10,3,0.52032602,0.87035550,0.00010000
stage3a_larger_training,42,PICASSO-cond-full,0.1250,10,4,0.51926542,0.86928418,0.00010000
stage3a_larger_training,42,PICASSO-cond-full,0.1250,10,5,0.51911784,0.86843151,0.00010000
stage3a_larger_training,42,PICASSO-cond-full,0.1250,10,6,0.52009996,0.86806047,0.00010000
stage3a_larger_training,42,PICASSO-cond-full,0.1250,10,7,0.52266735,0.86841887,0.00010000
stage3a_larger_training,42,PICASSO-cond-full,0.1250,10,8,0.52437421,0.86768347,0.00010000
stage3a_larger_training,42,PICASSO-cond-full,0.1250,10,9,0.52497377,0.86749674,0.00010000
stage3a_larger_training,42,PICASSO-cond-full,0.1250,10,10,0.52521870,0.86758681,0.00010000
stage3a_larger_training,42,DnCNN,0.1250,20,1,0.43820042,0.87524532,0.00010000
stage3a_larger_training,42,DnCNN,0.1250,20,2,0.43785428,0.87455016,0.00010000
stage3a_larger_training,42,DnCNN,0.1250,20,3,0.43745654,0.87351187,0.00010000
stage3a_larger_training,42,DnCNN,0.1250,20,4,0.43682469,0.87185499,0.00010000
stage3a_larger_training,42,DnCNN,0.1250,20,5,0.43583546,0.86926319,0.00010000
stage3a_larger_training,42,DnCNN,0.1250,20,6,0.43436938,0.86552532,0.00010000
stage3a_larger_training,42,DnCNN,0.1250,20,7,0.43262491,0.86165048,0.00010000
stage3a_larger_training,42,DnCNN,0.1250,20,8,0.43109435,0.85892326,0.00010000
stage3a_larger_training,42,DnCNN,0.1250,20,9,0.43018107,0.85757606,0.00010000
stage3a_larger_training,42,DnCNN,0.1250,20,10,0.42971010,0.85686719,0.00010000
stage3a_larger_training,42,Enhanced-DnCNN,0.1250,20,1,0.43883959,0.87572098,0.00010000
stage3a_larger_training,42,Enhanced-DnCNN,0.1250,20,2,0.43826239,0.87563197,0.00010000
stage3a_larger_training,42,Enhanced-DnCNN,0.1250,20,3,0.43816438,0.87532829,0.00010000
stage3a_larger_training,42,Enhanced-DnCNN,0.1250,20,4,0.43783673,0.87385799,0.00010000
stage3a_larger_training,42,Enhanced-DnCNN,0.1250,20,5,0.43632303,0.86810300,0.00010000
stage3a_larger_training,42,Enhanced-DnCNN,0.1250,20,6,0.43392284,0.86405130,0.00010000
stage3a_larger_training,42,Enhanced-DnCNN,0.1250,20,7,0.43253844,0.86143349,0.00010000
stage3a_larger_training,42,Enhanced-DnCNN,0.1250,20,8,0.43156423,0.85957846,0.00010000
stage3a_larger_training,42,Enhanced-DnCNN,0.1250,20,9,0.43078958,0.85845527,0.00010000
stage3a_larger_training,42,Enhanced-DnCNN,0.1250,20,10,0.43038217,0.85755460,0.00010000
stage3a_larger_training,42,PICASSO-rec,0.1250,20,1,0.50444334,0.87167156,0.00010000
stage3a_larger_training,42,PICASSO-rec,0.1250,20,2,0.49999005,0.86344463,0.00010000
stage3a_larger_training,42,PICASSO-rec,0.1250,20,3,0.49767942,0.85780092,0.00010000
stage3a_larger_training,42,PICASSO-rec,0.1250,20,4,0.49643173,0.85628255,0.00010000
stage3a_larger_training,42,PICASSO-rec,0.1250,20,5,0.49594605,0.85578345,0.00010000
stage3a_larger_training,42,PICASSO-rec,0.1250,20,6,0.49572788,0.85551520,0.00010000
stage3a_larger_training,42,PICASSO-rec,0.1250,20,7,0.49554910,0.85507368,0.00010000
stage3a_larger_training,42,PICASSO-rec,0.1250,20,8,0.49543268,0.85506608,0.00010000
stage3a_larger_training,42,PICASSO-rec,0.1250,20,9,0.49535179,0.85477047,0.00010000
stage3a_larger_training,42,PICASSO-rec,0.1250,20,10,0.49526270,0.85465077,0.00010000
stage3a_larger_training,42,PICASSO-rec-physics,0.1250,20,1,0.51193424,0.87113586,0.00010000
stage3a_larger_training,42,PICASSO-rec-physics,0.1250,20,2,0.50753838,0.86515786,0.00010000
stage3a_larger_training,42,PICASSO-rec-physics,0.1250,20,3,0.50560124,0.86027208,0.00010000
stage3a_larger_training,42,PICASSO-rec-physics,0.1250,20,4,0.50427426,0.85796130,0.00010000
stage3a_larger_training,42,PICASSO-rec-physics,0.1250,20,5,0.50363073,0.85713959,0.00010000
stage3a_larger_training,42,PICASSO-rec-physics,0.1250,20,6,0.50329048,0.85661750,0.00010000
stage3a_larger_training,42,PICASSO-rec-physics,0.1250,20,7,0.50310835,0.85633805,0.00010000
stage3a_larger_training,42,PICASSO-rec-physics,0.1250,20,8,0.50299912,0.85632531,0.00010000
stage3a_larger_training,42,PICASSO-rec-physics,0.1250,20,9,0.50291100,0.85590439,0.00010000
stage3a_larger_training,42,PICASSO-rec-physics,0.1250,20,10,0.50279904,0.85589238,0.00010000
stage3a_larger_training,42,PICASSO-full,0.1250,20,1,0.51143642,0.87080099,0.00010000
stage3a_larger_training,42,PICASSO-full,0.1250,20,2,0.50732141,0.86332330,0.00010000
stage3a_larger_training,42,PICASSO-full,0.1250,20,3,0.50575585,0.85884964,0.00010000
stage3a_larger_training,42,PICASSO-full,0.1250,20,4,0.50452748,0.85736474,0.00010000
stage3a_larger_training,42,PICASSO-full,0.1250,20,5,0.50423958,0.85669984,0.00010000
stage3a_larger_training,42,PICASSO-full,0.1250,20,6,0.50498066,0.85661685,0.00010000
stage3a_larger_training,42,PICASSO-full,0.1250,20,7,0.50745522,0.85620101,0.00010000
stage3a_larger_training,42,PICASSO-full,0.1250,20,8,0.50947053,0.85618091,0.00010000
stage3a_larger_training,42,PICASSO-full,0.1250,20,9,0.51018700,0.85600901,0.00010000
stage3a_larger_training,42,PICASSO-full,0.1250,20,10,0.51042586,0.85581270,0.00010000
stage3a_larger_training,42,PICASSO-cond-full,0.1250,20,1,0.51381171,0.87623875,0.00010000
stage3a_larger_training,42,PICASSO-cond-full,0.1250,20,2,0.50933050,0.87072510,0.00010000
stage3a_larger_training,42,PICASSO-cond-full,0.1250,20,3,0.50811533,0.86542004,0.00010000
stage3a_larger_training,42,PICASSO-cond-full,0.1250,20,4,0.50623350,0.86035886,0.00010000
stage3a_larger_training,42,PICASSO-cond-full,0.1250,20,5,0.50508704,0.85792205,0.00010000
stage3a_larger_training,42,PICASSO-cond-full,0.1250,20,6,0.50577664,0.85723309,0.00010000
stage3a_larger_training,42,PICASSO-cond-full,0.1250,20,7,0.50820813,0.85668555,0.00010000
stage3a_larger_training,42,PICASSO-cond-full,0.1250,20,8,0.50969730,0.85667606,0.00010000
stage3a_larger_training,42,PICASSO-cond-full,0.1250,20,9,0.51026530,0.85679428,0.00010000
stage3a_larger_training,42,PICASSO-cond-full,0.1250,20,10,0.51043553,0.85623096,0.00010000
stage3a_larger_training,42,DnCNN,0.0625,10,1,0.47362793,0.94572394,0.00010000
stage3a_larger_training,42,DnCNN,0.0625,10,2,0.47225606,0.94389980,0.00010000
stage3a_larger_training,42,DnCNN,0.0625,10,3,0.47186304,0.94361016,0.00010000
stage3a_larger_training,42,DnCNN,0.0625,10,4,0.47169333,0.94325015,0.00010000
stage3a_larger_training,42,DnCNN,0.0625,10,5,0.47147430,0.94273773,0.00010000
stage3a_larger_training,42,DnCNN,0.0625,10,6,0.47114632,0.94193310,0.00010000
stage3a_larger_training,42,DnCNN,0.0625,10,7,0.47066309,0.94080909,0.00010000
stage3a_larger_training,42,DnCNN,0.0625,10,8,0.47000665,0.93940113,0.00010000
stage3a_larger_training,42,DnCNN,0.0625,10,9,0.46929366,0.93809825,0.00010000
stage3a_larger_training,42,DnCNN,0.0625,10,10,0.46876713,0.93715794,0.00010000
stage3a_larger_training,42,Enhanced-DnCNN,0.0625,10,1,0.47247610,0.94402313,0.00010000
stage3a_larger_training,42,Enhanced-DnCNN,0.0625,10,2,0.47194335,0.94392183,0.00010000
stage3a_larger_training,42,Enhanced-DnCNN,0.0625,10,3,0.47190316,0.94387789,0.00010000
stage3a_larger_training,42,Enhanced-DnCNN,0.0625,10,4,0.47186943,0.94376263,0.00010000
stage3a_larger_training,42,Enhanced-DnCNN,0.0625,10,5,0.47174833,0.94329073,0.00010000
stage3a_larger_training,42,Enhanced-DnCNN,0.0625,10,6,0.47127754,0.94182552,0.00010000
stage3a_larger_training,42,Enhanced-DnCNN,0.0625,10,7,0.47033495,0.94005336,0.00010000
stage3a_larger_training,42,Enhanced-DnCNN,0.0625,10,8,0.46971994,0.93922210,0.00010000
stage3a_larger_training,42,Enhanced-DnCNN,0.0625,10,9,0.46934237,0.93857454,0.00010000
stage3a_larger_training,42,Enhanced-DnCNN,0.0625,10,10,0.46899901,0.93803653,0.00010000
stage3a_larger_training,42,PICASSO-rec,0.0625,10,1,0.54195718,0.94144051,0.00010000
stage3a_larger_training,42,PICASSO-rec,0.0625,10,2,0.53975845,0.93790512,0.00010000
stage3a_larger_training,42,PICASSO-rec,0.0625,10,3,0.53880788,0.93617707,0.00010000
stage3a_larger_training,42,PICASSO-rec,0.0625,10,4,0.53834402,0.93559365,0.00010000
stage3a_larger_training,42,PICASSO-rec,0.0625,10,5,0.53814755,0.93531479,0.00010000
stage3a_larger_training,42,PICASSO-rec,0.0625,10,6,0.53803115,0.93511327,0.00010000
stage3a_larger_training,42,PICASSO-rec,0.0625,10,7,0.53794396,0.93509072,0.00010000
stage3a_larger_training,42,PICASSO-rec,0.0625,10,8,0.53790886,0.93498573,0.00010000
stage3a_larger_training,42,PICASSO-rec,0.0625,10,9,0.53784989,0.93491061,0.00010000
stage3a_larger_training,42,PICASSO-rec,0.0625,10,10,0.53785010,0.93477191,0.00010000
stage3a_larger_training,42,PICASSO-rec-physics,0.0625,10,1,0.54607293,0.94157194,0.00010000
stage3a_larger_training,42,PICASSO-rec-physics,0.0625,10,2,0.54398692,0.93850258,0.00010000
stage3a_larger_training,42,PICASSO-rec-physics,0.0625,10,3,0.54307075,0.93674721,0.00010000
stage3a_larger_training,42,PICASSO-rec-physics,0.0625,10,4,0.54253208,0.93609391,0.00010000
stage3a_larger_training,42,PICASSO-rec-physics,0.0625,10,5,0.54232385,0.93582892,0.00010000
stage3a_larger_training,42,PICASSO-rec-physics,0.0625,10,6,0.54222140,0.93572883,0.00010000
stage3a_larger_training,42,PICASSO-rec-physics,0.0625,10,7,0.54209058,0.93544543,0.00010000
stage3a_larger_training,42,PICASSO-rec-physics,0.0625,10,8,0.54205529,0.93574169,0.00010000
stage3a_larger_training,42,PICASSO-rec-physics,0.0625,10,9,0.54198878,0.93529791,0.00010000
stage3a_larger_training,42,PICASSO-rec-physics,0.0625,10,10,0.54191726,0.93525095,0.00010000
stage3a_larger_training,42,PICASSO-full,0.0625,10,1,0.54618937,0.94194220,0.00010000
stage3a_larger_training,42,PICASSO-full,0.0625,10,2,0.54411688,0.93874827,0.00010000
stage3a_larger_training,42,PICASSO-full,0.0625,10,3,0.54379449,0.93678167,0.00010000
stage3a_larger_training,42,PICASSO-full,0.0625,10,4,0.54317756,0.93599251,0.00010000
stage3a_larger_training,42,PICASSO-full,0.0625,10,5,0.54319378,0.93563454,0.00010000
stage3a_larger_training,42,PICASSO-full,0.0625,10,6,0.54450409,0.93576352,0.00010000
stage3a_larger_training,42,PICASSO-full,0.0625,10,7,0.54707033,0.93565406,0.00010000
stage3a_larger_training,42,PICASSO-full,0.0625,10,8,0.54863333,0.93559054,0.00010000
stage3a_larger_training,42,PICASSO-full,0.0625,10,9,0.54920867,0.93559964,0.00010000
stage3a_larger_training,42,PICASSO-full,0.0625,10,10,0.54943484,0.93554747,0.00010000
stage3a_larger_training,42,PICASSO-cond-full,0.0625,10,1,0.54590567,0.94231059,0.00010000
stage3a_larger_training,42,PICASSO-cond-full,0.0625,10,2,0.54404094,0.93931110,0.00010000
stage3a_larger_training,42,PICASSO-cond-full,0.0625,10,3,0.54383101,0.93715888,0.00010000
stage3a_larger_training,42,PICASSO-cond-full,0.0625,10,4,0.54318434,0.93605049,0.00010000
stage3a_larger_training,42,PICASSO-cond-full,0.0625,10,5,0.54306497,0.93610643,0.00010000
stage3a_larger_training,42,PICASSO-cond-full,0.0625,10,6,0.54372535,0.93561918,0.00010000
stage3a_larger_training,42,PICASSO-cond-full,0.0625,10,7,0.54594262,0.93537098,0.00010000
stage3a_larger_training,42,PICASSO-cond-full,0.0625,10,8,0.54807641,0.93530078,0.00010000
stage3a_larger_training,42,PICASSO-cond-full,0.0625,10,9,0.54896190,0.93529241,0.00010000
stage3a_larger_training,42,PICASSO-cond-full,0.0625,10,10,0.54929769,0.93525548,0.00010000
stage3a_larger_training,42,DnCNN,0.0625,20,1,0.47035496,0.93946846,0.00010000
stage3a_larger_training,42,DnCNN,0.0625,20,2,0.46940588,0.93844227,0.00010000
stage3a_larger_training,42,DnCNN,0.0625,20,3,0.46906564,0.93801643,0.00010000
stage3a_larger_training,42,DnCNN,0.0625,20,4,0.46889894,0.93769513,0.00010000
stage3a_larger_training,42,DnCNN,0.0625,20,5,0.46870454,0.93717611,0.00010000
stage3a_larger_training,42,DnCNN,0.0625,20,6,0.46837374,0.93631212,0.00010000
stage3a_larger_training,42,DnCNN,0.0625,20,7,0.46785544,0.93498269,0.00010000
stage3a_larger_training,42,DnCNN,0.0625,20,8,0.46717357,0.93343002,0.00010000
stage3a_larger_training,42,DnCNN,0.0625,20,9,0.46652245,0.93201856,0.00010000
stage3a_larger_training,42,DnCNN,0.0625,20,10,0.46591849,0.93090615,0.00010000
stage3a_larger_training,42,Enhanced-DnCNN,0.0625,20,1,0.46911792,0.93824823,0.00010000
stage3a_larger_training,42,Enhanced-DnCNN,0.0625,20,2,0.46907092,0.93818633,0.00010000
stage3a_larger_training,42,Enhanced-DnCNN,0.0625,20,3,0.46900853,0.93795957,0.00010000
stage3a_larger_training,42,Enhanced-DnCNN,0.0625,20,4,0.46875945,0.93686286,0.00010000
stage3a_larger_training,42,Enhanced-DnCNN,0.0625,20,5,0.46789535,0.93466440,0.00010000
stage3a_larger_training,42,Enhanced-DnCNN,0.0625,20,6,0.46719907,0.93329534,0.00010000
stage3a_larger_training,42,Enhanced-DnCNN,0.0625,20,7,0.46654234,0.93194336,0.00010000
stage3a_larger_training,42,Enhanced-DnCNN,0.0625,20,8,0.46596671,0.93075146,0.00010000
stage3a_larger_training,42,Enhanced-DnCNN,0.0625,20,9,0.46556737,0.93011814,0.00010000
stage3a_larger_training,42,Enhanced-DnCNN,0.0625,20,10,0.46532072,0.92984831,0.00010000
stage3a_larger_training,42,PICASSO-rec,0.0625,20,1,0.53542254,0.93753469,0.00010000
stage3a_larger_training,42,PICASSO-rec,0.0625,20,2,0.53319631,0.93422967,0.00010000
stage3a_larger_training,42,PICASSO-rec,0.0625,20,3,0.53213607,0.93124609,0.00010000
stage3a_larger_training,42,PICASSO-rec,0.0625,20,4,0.53129807,0.92984362,0.00010000
stage3a_larger_training,42,PICASSO-rec,0.0625,20,5,0.53096029,0.92960265,0.00010000
stage3a_larger_training,42,PICASSO-rec,0.0625,20,6,0.53078038,0.92927195,0.00010000
stage3a_larger_training,42,PICASSO-rec,0.0625,20,7,0.53067295,0.92909724,0.00010000
stage3a_larger_training,42,PICASSO-rec,0.0625,20,8,0.53059449,0.92914434,0.00010000
stage3a_larger_training,42,PICASSO-rec,0.0625,20,9,0.53056705,0.92899783,0.00010000
stage3a_larger_training,42,PICASSO-rec,0.0625,20,10,0.53050695,0.92898880,0.00010000
stage3a_larger_training,42,PICASSO-rec-physics,0.0625,20,1,0.53921914,0.93741533,0.00010000
stage3a_larger_training,42,PICASSO-rec-physics,0.0625,20,2,0.53718375,0.93434069,0.00010000
stage3a_larger_training,42,PICASSO-rec-physics,0.0625,20,3,0.53614518,0.93209980,0.00010000
stage3a_larger_training,42,PICASSO-rec-physics,0.0625,20,4,0.53541687,0.93071061,0.00010000
stage3a_larger_training,42,PICASSO-rec-physics,0.0625,20,5,0.53506808,0.93020244,0.00010000
stage3a_larger_training,42,PICASSO-rec-physics,0.0625,20,6,0.53487930,0.92982087,0.00010000
stage3a_larger_training,42,PICASSO-rec-physics,0.0625,20,7,0.53477097,0.92994301,0.00010000
stage3a_larger_training,42,PICASSO-rec-physics,0.0625,20,8,0.53471732,0.92962390,0.00010000
stage3a_larger_training,42,PICASSO-rec-physics,0.0625,20,9,0.53463880,0.92955031,0.00010000
stage3a_larger_training,42,PICASSO-rec-physics,0.0625,20,10,0.53456801,0.92941654,0.00010000
stage3a_larger_training,42,PICASSO-full,0.0625,20,1,0.53836866,0.93592854,0.00010000
stage3a_larger_training,42,PICASSO-full,0.0625,20,2,0.53650662,0.93230824,0.00010000
stage3a_larger_training,42,PICASSO-full,0.0625,20,3,0.53618744,0.93037286,0.00010000
stage3a_larger_training,42,PICASSO-full,0.0625,20,4,0.53570294,0.92999758,0.00010000
stage3a_larger_training,42,PICASSO-full,0.0625,20,5,0.53590808,0.92965439,0.00010000
stage3a_larger_training,42,PICASSO-full,0.0625,20,6,0.53759915,0.92964555,0.00010000
stage3a_larger_training,42,PICASSO-full,0.0625,20,7,0.54028225,0.92967594,0.00010000
stage3a_larger_training,42,PICASSO-full,0.0625,20,8,0.54167068,0.92961550,0.00010000
stage3a_larger_training,42,PICASSO-full,0.0625,20,9,0.54209967,0.92937240,0.00010000
stage3a_larger_training,42,PICASSO-full,0.0625,20,10,0.54227268,0.92927791,0.00010000
stage3a_larger_training,42,PICASSO-cond-full,0.0625,20,1,0.53868807,0.93722101,0.00010000
stage3a_larger_training,42,PICASSO-cond-full,0.0625,20,2,0.53713975,0.93490799,0.00010000
stage3a_larger_training,42,PICASSO-cond-full,0.0625,20,3,0.53698851,0.93254538,0.00010000
stage3a_larger_training,42,PICASSO-cond-full,0.0625,20,4,0.53621374,0.93076709,0.00010000
stage3a_larger_training,42,PICASSO-cond-full,0.0625,20,5,0.53591460,0.93013123,0.00010000
stage3a_larger_training,42,PICASSO-cond-full,0.0625,20,6,0.53640773,0.92999186,0.00010000
stage3a_larger_training,42,PICASSO-cond-full,0.0625,20,7,0.53845456,0.92960832,0.00010000
stage3a_larger_training,42,PICASSO-cond-full,0.0625,20,8,0.54053856,0.92952593,0.00010000
stage3a_larger_training,42,PICASSO-cond-full,0.0625,20,9,0.54145929,0.92950623,0.00010000
stage3a_larger_training,42,PICASSO-cond-full,0.0625,20,10,0.54178820,0.92942834,0.00010000
stage3a_larger_training,123,DnCNN,0.1250,10,1,0.44435810,0.88677000,0.00010000
stage3a_larger_training,123,DnCNN,0.1250,10,2,0.44373211,0.88600473,0.00010000
stage3a_larger_training,123,DnCNN,0.1250,10,3,0.44334927,0.88502865,0.00010000
stage3a_larger_training,123,DnCNN,0.1250,10,4,0.44277284,0.88336495,0.00010000
stage3a_larger_training,123,DnCNN,0.1250,10,5,0.44183820,0.88068911,0.00010000
stage3a_larger_training,123,DnCNN,0.1250,10,6,0.44044342,0.87696224,0.00010000
stage3a_larger_training,123,DnCNN,0.1250,10,7,0.43872353,0.87319726,0.00010000
stage3a_larger_training,123,DnCNN,0.1250,10,8,0.43735593,0.87029065,0.00010000
stage3a_larger_training,123,DnCNN,0.1250,10,9,0.43642108,0.86876972,0.00010000
stage3a_larger_training,123,DnCNN,0.1250,10,10,0.43582897,0.86749041,0.00010000
stage3a_larger_training,123,Enhanced-DnCNN,0.1250,10,1,0.44392031,0.88665271,0.00010000
stage3a_larger_training,123,Enhanced-DnCNN,0.1250,10,2,0.44379515,0.88637283,0.00010000
stage3a_larger_training,123,Enhanced-DnCNN,0.1250,10,3,0.44353408,0.88521954,0.00010000
stage3a_larger_training,123,Enhanced-DnCNN,0.1250,10,4,0.44222896,0.87968069,0.00010000
stage3a_larger_training,123,Enhanced-DnCNN,0.1250,10,5,0.43953420,0.87469245,0.00010000
stage3a_larger_training,123,Enhanced-DnCNN,0.1250,10,6,0.43790032,0.87139517,0.00010000
stage3a_larger_training,123,Enhanced-DnCNN,0.1250,10,7,0.43671123,0.86829455,0.00010000
stage3a_larger_training,123,Enhanced-DnCNN,0.1250,10,8,0.43576954,0.86646838,0.00010000
stage3a_larger_training,123,Enhanced-DnCNN,0.1250,10,9,0.43522617,0.86542793,0.00010000
stage3a_larger_training,123,Enhanced-DnCNN,0.1250,10,10,0.43488353,0.86506921,0.00010000
stage3a_larger_training,123,PICASSO-rec,0.1250,10,1,0.51868097,0.88143378,0.00010000
stage3a_larger_training,123,PICASSO-rec,0.1250,10,2,0.51434927,0.87268266,0.00010000
stage3a_larger_training,123,PICASSO-rec,0.1250,10,3,0.51207353,0.86734965,0.00010000
stage3a_larger_training,123,PICASSO-rec,0.1250,10,4,0.51088032,0.86536390,0.00010000
stage3a_larger_training,123,PICASSO-rec,0.1250,10,5,0.51045999,0.86434928,0.00010000
stage3a_larger_training,123,PICASSO-rec,0.1250,10,6,0.51022295,0.86402261,0.00010000
stage3a_larger_training,123,PICASSO-rec,0.1250,10,7,0.51007616,0.86365379,0.00010000
stage3a_larger_training,123,PICASSO-rec,0.1250,10,8,0.50996046,0.86350387,0.00010000
stage3a_larger_training,123,PICASSO-rec,0.1250,10,9,0.50987549,0.86332461,0.00010000
stage3a_larger_training,123,PICASSO-rec,0.1250,10,10,0.50975480,0.86315320,0.00010000
stage3a_larger_training,123,PICASSO-rec-physics,0.1250,10,1,0.52572716,0.87792496,0.00010000
stage3a_larger_training,123,PICASSO-rec-physics,0.1250,10,2,0.52104696,0.86930117,0.00010000
stage3a_larger_training,123,PICASSO-rec-physics,0.1250,10,3,0.51902226,0.86580771,0.00010000
stage3a_larger_training,123,PICASSO-rec-physics,0.1250,10,4,0.51836884,0.86436239,0.00010000
stage3a_larger_training,123,PICASSO-rec-physics,0.1250,10,5,0.51805509,0.86370243,0.00010000
stage3a_larger_training,123,PICASSO-rec-physics,0.1250,10,6,0.51787012,0.86350732,0.00010000
stage3a_larger_training,123,PICASSO-rec-physics,0.1250,10,7,0.51773813,0.86307344,0.00010000
stage3a_larger_training,123,PICASSO-rec-physics,0.1250,10,8,0.51759868,0.86290370,0.00010000
stage3a_larger_training,123,PICASSO-rec-physics,0.1250,10,9,0.51752478,0.86285432,0.00010000
stage3a_larger_training,123,PICASSO-rec-physics,0.1250,10,10,0.51746202,0.86278124,0.00010000
stage3a_larger_training,123,PICASSO-full,0.1250,10,1,0.52732459,0.88082935,0.00010000
stage3a_larger_training,123,PICASSO-full,0.1250,10,2,0.52204535,0.87313300,0.00010000
stage3a_larger_training,123,PICASSO-full,0.1250,10,3,0.52069817,0.86772320,0.00010000
stage3a_larger_training,123,PICASSO-full,0.1250,10,4,0.51938231,0.86542296,0.00010000
stage3a_larger_training,123,PICASSO-full,0.1250,10,5,0.51911270,0.86422384,0.00010000
stage3a_larger_training,123,PICASSO-full,0.1250,10,6,0.52020702,0.86390027,0.00010000
stage3a_larger_training,123,PICASSO-full,0.1250,10,7,0.52299571,0.86346515,0.00010000
stage3a_larger_training,123,PICASSO-full,0.1250,10,8,0.52468364,0.86367220,0.00010000
stage3a_larger_training,123,PICASSO-full,0.1250,10,9,0.52519523,0.86331590,0.00010000
stage3a_larger_training,123,PICASSO-full,0.1250,10,10,0.52536861,0.86301306,0.00010000
stage3a_larger_training,123,PICASSO-cond-full,0.1250,10,1,0.52540905,0.88084923,0.00010000
stage3a_larger_training,123,PICASSO-cond-full,0.1250,10,2,0.52185575,0.87284352,0.00010000
stage3a_larger_training,123,PICASSO-cond-full,0.1250,10,3,0.52047878,0.86695115,0.00010000
stage3a_larger_training,123,PICASSO-cond-full,0.1250,10,4,0.51924829,0.86455634,0.00010000
stage3a_larger_training,123,PICASSO-cond-full,0.1250,10,5,0.51906035,0.86370799,0.00010000
stage3a_larger_training,123,PICASSO-cond-full,0.1250,10,6,0.52033523,0.86317441,0.00010000
stage3a_larger_training,123,PICASSO-cond-full,0.1250,10,7,0.52290799,0.86294141,0.00010000
stage3a_larger_training,123,PICASSO-cond-full,0.1250,10,8,0.52431894,0.86345726,0.00010000
stage3a_larger_training,123,PICASSO-cond-full,0.1250,10,9,0.52485457,0.86275251,0.00010000
stage3a_larger_training,123,PICASSO-cond-full,0.1250,10,10,0.52502638,0.86248189,0.00010000
stage3a_larger_training,123,DnCNN,0.1250,20,1,0.43978957,0.87609908,0.00010000
stage3a_larger_training,123,DnCNN,0.1250,20,2,0.43829604,0.87506728,0.00010000
stage3a_larger_training,123,DnCNN,0.1250,20,3,0.43792144,0.87417643,0.00010000
stage3a_larger_training,123,DnCNN,0.1250,20,4,0.43745305,0.87300187,0.00010000
stage3a_larger_training,123,DnCNN,0.1250,20,5,0.43683311,0.87121080,0.00010000
stage3a_larger_training,123,DnCNN,0.1250,20,6,0.43584311,0.86862309,0.00010000
stage3a_larger_training,123,DnCNN,0.1250,20,7,0.43447047,0.86513151,0.00010000
stage3a_larger_training,123,DnCNN,0.1250,20,8,0.43294866,0.86137639,0.00010000
stage3a_larger_training,123,DnCNN,0.1250,20,9,0.43160899,0.85863341,0.00010000
stage3a_larger_training,123,DnCNN,0.1250,20,10,0.43065015,0.85643741,0.00010000
stage3a_larger_training,123,Enhanced-DnCNN,0.1250,20,1,0.43822408,0.87523206,0.00010000
stage3a_larger_training,123,Enhanced-DnCNN,0.1250,20,2,0.43808632,0.87461682,0.00010000
stage3a_larger_training,123,Enhanced-DnCNN,0.1250,20,3,0.43748161,0.87158431,0.00010000
stage3a_larger_training,123,Enhanced-DnCNN,0.1250,20,4,0.43548022,0.86476780,0.00010000
stage3a_larger_training,123,Enhanced-DnCNN,0.1250,20,5,0.43344228,0.86108908,0.00010000
stage3a_larger_training,123,Enhanced-DnCNN,0.1250,20,6,0.43220625,0.85892260,0.00010000
stage3a_larger_training,123,Enhanced-DnCNN,0.1250,20,7,0.43108157,0.85624579,0.00010000
stage3a_larger_training,123,Enhanced-DnCNN,0.1250,20,8,0.43024451,0.85420083,0.00010000
stage3a_larger_training,123,Enhanced-DnCNN,0.1250,20,9,0.42960906,0.85364927,0.00010000
stage3a_larger_training,123,Enhanced-DnCNN,0.1250,20,10,0.42924969,0.85267666,0.00010000
stage3a_larger_training,123,PICASSO-rec,0.1250,20,1,0.50484390,0.87031843,0.00010000
stage3a_larger_training,123,PICASSO-rec,0.1250,20,2,0.50052208,0.86419566,0.00010000
stage3a_larger_training,123,PICASSO-rec,0.1250,20,3,0.49861237,0.85872962,0.00010000
stage3a_larger_training,123,PICASSO-rec,0.1250,20,4,0.49693932,0.85444979,0.00010000
stage3a_larger_training,123,PICASSO-rec,0.1250,20,5,0.49599805,0.85292794,0.00010000
stage3a_larger_training,123,PICASSO-rec,0.1250,20,6,0.49562437,0.85218889,0.00010000
stage3a_larger_training,123,PICASSO-rec,0.1250,20,7,0.49538765,0.85185169,0.00010000
stage3a_larger_training,123,PICASSO-rec,0.1250,20,8,0.49524613,0.85167354,0.00010000
stage3a_larger_training,123,PICASSO-rec,0.1250,20,9,0.49522255,0.85148580,0.00010000
stage3a_larger_training,123,PICASSO-rec,0.1250,20,10,0.49507495,0.85111687,0.00010000
stage3a_larger_training,123,PICASSO-rec-physics,0.1250,20,1,0.51417150,0.87239356,0.00010000
stage3a_larger_training,123,PICASSO-rec-physics,0.1250,20,2,0.50883791,0.86496305,0.00010000
stage3a_larger_training,123,PICASSO-rec-physics,0.1250,20,3,0.50637800,0.85764824,0.00010000
stage3a_larger_training,123,PICASSO-rec-physics,0.1250,20,4,0.50433557,0.85350460,0.00010000
stage3a_larger_training,123,PICASSO-rec-physics,0.1250,20,5,0.50357967,0.85234073,0.00010000
stage3a_larger_training,123,PICASSO-rec-physics,0.1250,20,6,0.50323411,0.85183223,0.00010000
stage3a_larger_training,123,PICASSO-rec-physics,0.1250,20,7,0.50304031,0.85160537,0.00010000
stage3a_larger_training,123,PICASSO-rec-physics,0.1250,20,8,0.50286564,0.85121457,0.00010000
stage3a_larger_training,123,PICASSO-rec-physics,0.1250,20,9,0.50277054,0.85111214,0.00010000
stage3a_larger_training,123,PICASSO-rec-physics,0.1250,20,10,0.50266722,0.85086432,0.00010000
stage3a_larger_training,123,PICASSO-full,0.1250,20,1,0.51064311,0.86839384,0.00010000
stage3a_larger_training,123,PICASSO-full,0.1250,20,2,0.50682383,0.85874021,0.00010000
stage3a_larger_training,123,PICASSO-full,0.1250,20,3,0.50509849,0.85396957,0.00010000
stage3a_larger_training,123,PICASSO-full,0.1250,20,4,0.50416210,0.85252309,0.00010000
stage3a_larger_training,123,PICASSO-full,0.1250,20,5,0.50408366,0.85198826,0.00010000
stage3a_larger_training,123,PICASSO-full,0.1250,20,6,0.50527922,0.85147128,0.00010000
stage3a_larger_training,123,PICASSO-full,0.1250,20,7,0.50790723,0.85130775,0.00010000
stage3a_larger_training,123,PICASSO-full,0.1250,20,8,0.50937647,0.85109808,0.00010000
stage3a_larger_training,123,PICASSO-full,0.1250,20,9,0.50983331,0.85098703,0.00010000
stage3a_larger_training,123,PICASSO-full,0.1250,20,10,0.51002480,0.85062771,0.00010000
stage3a_larger_training,123,PICASSO-cond-full,0.1250,20,1,0.50948057,0.86854146,0.00010000
stage3a_larger_training,123,PICASSO-cond-full,0.1250,20,2,0.50657669,0.86019900,0.00010000
stage3a_larger_training,123,PICASSO-cond-full,0.1250,20,3,0.50518504,0.85438439,0.00010000
stage3a_larger_training,123,PICASSO-cond-full,0.1250,20,4,0.50411905,0.85286541,0.00010000
stage3a_larger_training,123,PICASSO-cond-full,0.1250,20,5,0.50405692,0.85211475,0.00010000
stage3a_larger_training,123,PICASSO-cond-full,0.1250,20,6,0.50493078,0.85178889,0.00010000
stage3a_larger_training,123,PICASSO-cond-full,0.1250,20,7,0.50759861,0.85157822,0.00010000
stage3a_larger_training,123,PICASSO-cond-full,0.1250,20,8,0.50938027,0.85135502,0.00010000
stage3a_larger_training,123,PICASSO-cond-full,0.1250,20,9,0.50993267,0.85109445,0.00010000
stage3a_larger_training,123,PICASSO-cond-full,0.1250,20,10,0.51014899,0.85115454,0.00010000
stage3a_larger_training,123,DnCNN,0.0625,10,1,0.47263974,0.94458640,0.00010000
stage3a_larger_training,123,DnCNN,0.0625,10,2,0.47196536,0.94401342,0.00010000
stage3a_larger_training,123,DnCNN,0.0625,10,3,0.47177840,0.94370416,0.00010000
stage3a_larger_training,123,DnCNN,0.0625,10,4,0.47159635,0.94322510,0.00010000
stage3a_larger_training,123,DnCNN,0.0625,10,5,0.47130453,0.94246393,0.00010000
stage3a_larger_training,123,DnCNN,0.0625,10,6,0.47087099,0.94136396,0.00010000
stage3a_larger_training,123,DnCNN,0.0625,10,7,0.47027117,0.94000497,0.00010000
stage3a_larger_training,123,DnCNN,0.0625,10,8,0.46963390,0.93854326,0.00010000
stage3a_larger_training,123,DnCNN,0.0625,10,9,0.46900276,0.93739113,0.00010000
stage3a_larger_training,123,DnCNN,0.0625,10,10,0.46857188,0.93652153,0.00010000
stage3a_larger_training,123,Enhanced-DnCNN,0.0625,10,1,0.47191568,0.94408482,0.00010000
stage3a_larger_training,123,Enhanced-DnCNN,0.0625,10,2,0.47185964,0.94394095,0.00010000
stage3a_larger_training,123,Enhanced-DnCNN,0.0625,10,3,0.47171183,0.94326305,0.00010000
stage3a_larger_training,123,Enhanced-DnCNN,0.0625,10,4,0.47108509,0.94126265,0.00010000
stage3a_larger_training,123,Enhanced-DnCNN,0.0625,10,5,0.47015465,0.93966450,0.00010000
stage3a_larger_training,123,Enhanced-DnCNN,0.0625,10,6,0.46951181,0.93849136,0.00010000
stage3a_larger_training,123,Enhanced-DnCNN,0.0625,10,7,0.46899249,0.93783656,0.00010000
stage3a_larger_training,123,Enhanced-DnCNN,0.0625,10,8,0.46863822,0.93659878,0.00010000
stage3a_larger_training,123,Enhanced-DnCNN,0.0625,10,9,0.46824184,0.93580207,0.00010000
stage3a_larger_training,123,Enhanced-DnCNN,0.0625,10,10,0.46798208,0.93508193,0.00010000
stage3a_larger_training,123,PICASSO-rec,0.0625,10,1,0.54173065,0.94244714,0.00010000
stage3a_larger_training,123,PICASSO-rec,0.0625,10,2,0.53996952,0.93899213,0.00010000
stage3a_larger_training,123,PICASSO-rec,0.0625,10,3,0.53904975,0.93637370,0.00010000
stage3a_larger_training,123,PICASSO-rec,0.0625,10,4,0.53839147,0.93500379,0.00010000
stage3a_larger_training,123,PICASSO-rec,0.0625,10,5,0.53811321,0.93430158,0.00010000
stage3a_larger_training,123,PICASSO-rec,0.0625,10,6,0.53799160,0.93398385,0.00010000
stage3a_larger_training,123,PICASSO-rec,0.0625,10,7,0.53788888,0.93387410,0.00010000
stage3a_larger_training,123,PICASSO-rec,0.0625,10,8,0.53780812,0.93380819,0.00010000
stage3a_larger_training,123,PICASSO-rec,0.0625,10,9,0.53775158,0.93374567,0.00010000
stage3a_larger_training,123,PICASSO-rec,0.0625,10,10,0.53769218,0.93356057,0.00010000
stage3a_larger_training,123,PICASSO-rec-physics,0.0625,10,1,0.54717000,0.94279997,0.00010000
stage3a_larger_training,123,PICASSO-rec-physics,0.0625,10,2,0.54418466,0.93857479,0.00010000
stage3a_larger_training,123,PICASSO-rec-physics,0.0625,10,3,0.54308840,0.93604542,0.00010000
stage3a_larger_training,123,PICASSO-rec-physics,0.0625,10,4,0.54249712,0.93483306,0.00010000
stage3a_larger_training,123,PICASSO-rec-physics,0.0625,10,5,0.54224480,0.93434663,0.00010000
stage3a_larger_training,123,PICASSO-rec-physics,0.0625,10,6,0.54210430,0.93420829,0.00010000
stage3a_larger_training,123,PICASSO-rec-physics,0.0625,10,7,0.54202402,0.93393350,0.00010000
stage3a_larger_training,123,PICASSO-rec-physics,0.0625,10,8,0.54193873,0.93383366,0.00010000
stage3a_larger_training,123,PICASSO-rec-physics,0.0625,10,9,0.54186279,0.93413973,0.00010000
stage3a_larger_training,123,PICASSO-rec-physics,0.0625,10,10,0.54187149,0.93373068,0.00010000
stage3a_larger_training,123,PICASSO-full,0.0625,10,1,0.54693161,0.94331726,0.00010000
stage3a_larger_training,123,PICASSO-full,0.0625,10,2,0.54448247,0.93977423,0.00010000
stage3a_larger_training,123,PICASSO-full,0.0625,10,3,0.54411331,0.93691453,0.00010000
stage3a_larger_training,123,PICASSO-full,0.0625,10,4,0.54335970,0.93526116,0.00010000
stage3a_larger_training,123,PICASSO-full,0.0625,10,5,0.54323166,0.93434826,0.00010000
stage3a_larger_training,123,PICASSO-full,0.0625,10,6,0.54419218,0.93409501,0.00010000
stage3a_larger_training,123,PICASSO-full,0.0625,10,7,0.54667274,0.93409146,0.00010000
stage3a_larger_training,123,PICASSO-full,0.0625,10,8,0.54845046,0.93396774,0.00010000
stage3a_larger_training,123,PICASSO-full,0.0625,10,9,0.54910817,0.93367292,0.00010000
stage3a_larger_training,123,PICASSO-full,0.0625,10,10,0.54935167,0.93366018,0.00010000
stage3a_larger_training,123,PICASSO-cond-full,0.0625,10,1,0.54668413,0.94332239,0.00010000
stage3a_larger_training,123,PICASSO-cond-full,0.0625,10,2,0.54442026,0.94010854,0.00010000
stage3a_larger_training,123,PICASSO-cond-full,0.0625,10,3,0.54416628,0.93742891,0.00010000
stage3a_larger_training,123,PICASSO-cond-full,0.0625,10,4,0.54344020,0.93550338,0.00010000
stage3a_larger_training,123,PICASSO-cond-full,0.0625,10,5,0.54330257,0.93474030,0.00010000
stage3a_larger_training,123,PICASSO-cond-full,0.0625,10,6,0.54425843,0.93439221,0.00010000
stage3a_larger_training,123,PICASSO-cond-full,0.0625,10,7,0.54664631,0.93390873,0.00010000
stage3a_larger_training,123,PICASSO-cond-full,0.0625,10,8,0.54831930,0.93386112,0.00010000
stage3a_larger_training,123,PICASSO-cond-full,0.0625,10,9,0.54892922,0.93363982,0.00010000
stage3a_larger_training,123,PICASSO-cond-full,0.0625,10,10,0.54919017,0.93359093,0.00010000
stage3a_larger_training,123,DnCNN,0.0625,20,1,0.46961046,0.93878318,0.00010000
stage3a_larger_training,123,DnCNN,0.0625,20,2,0.46907510,0.93834157,0.00010000
stage3a_larger_training,123,DnCNN,0.0625,20,3,0.46891921,0.93797374,0.00010000
stage3a_larger_training,123,DnCNN,0.0625,20,4,0.46871176,0.93741132,0.00010000
stage3a_larger_training,123,DnCNN,0.0625,20,5,0.46839650,0.93654266,0.00010000
stage3a_larger_training,123,DnCNN,0.0625,20,6,0.46792855,0.93529792,0.00010000
stage3a_larger_training,123,DnCNN,0.0625,20,7,0.46731430,0.93374684,0.00010000
stage3a_larger_training,123,DnCNN,0.0625,20,8,0.46663688,0.93226315,0.00010000
stage3a_larger_training,123,DnCNN,0.0625,20,9,0.46611248,0.93100463,0.00010000
stage3a_larger_training,123,DnCNN,0.0625,20,10,0.46568419,0.93016331,0.00010000
stage3a_larger_training,123,Enhanced-DnCNN,0.0625,20,1,0.46958168,0.93858466,0.00010000
stage3a_larger_training,123,Enhanced-DnCNN,0.0625,20,2,0.46912003,0.93856449,0.00010000
stage3a_larger_training,123,Enhanced-DnCNN,0.0625,20,3,0.46907707,0.93844703,0.00010000
stage3a_larger_training,123,Enhanced-DnCNN,0.0625,20,4,0.46898791,0.93811505,0.00010000
stage3a_larger_training,123,Enhanced-DnCNN,0.0625,20,5,0.46861019,0.93650672,0.00010000
stage3a_larger_training,123,Enhanced-DnCNN,0.0625,20,6,0.46757952,0.93355456,0.00010000
stage3a_larger_training,123,Enhanced-DnCNN,0.0625,20,7,0.46657505,0.93177015,0.00010000
stage3a_larger_training,123,Enhanced-DnCNN,0.0625,20,8,0.46583776,0.93072368,0.00010000
stage3a_larger_training,123,Enhanced-DnCNN,0.0625,20,9,0.46535925,0.92943056,0.00010000
stage3a_larger_training,123,Enhanced-DnCNN,0.0625,20,10,0.46507488,0.92887329,0.00010000
stage3a_larger_training,123,PICASSO-rec,0.0625,20,1,0.53578855,0.93761310,0.00010000
stage3a_larger_training,123,PICASSO-rec,0.0625,20,2,0.53332547,0.93477143,0.00010000
stage3a_larger_training,123,PICASSO-rec,0.0625,20,3,0.53240697,0.93195854,0.00010000
stage3a_larger_training,123,PICASSO-rec,0.0625,20,4,0.53156731,0.92974436,0.00010000
stage3a_larger_training,123,PICASSO-rec,0.0625,20,5,0.53106058,0.92876655,0.00010000
stage3a_larger_training,123,PICASSO-rec,0.0625,20,6,0.53081170,0.92836291,0.00010000
stage3a_larger_training,123,PICASSO-rec,0.0625,20,7,0.53067349,0.92833491,0.00010000
stage3a_larger_training,123,PICASSO-rec,0.0625,20,8,0.53062432,0.92801245,0.00010000
stage3a_larger_training,123,PICASSO-rec,0.0625,20,9,0.53051802,0.92787181,0.00010000
stage3a_larger_training,123,PICASSO-rec,0.0625,20,10,0.53047529,0.92784281,0.00010000
stage3a_larger_training,123,PICASSO-rec-physics,0.0625,20,1,0.53935430,0.93682849,0.00010000
stage3a_larger_training,123,PICASSO-rec-physics,0.0625,20,2,0.53705498,0.93349744,0.00010000
stage3a_larger_training,123,PICASSO-rec-physics,0.0625,20,3,0.53605466,0.93096499,0.00010000
stage3a_larger_training,123,PICASSO-rec-physics,0.0625,20,4,0.53533421,0.92910686,0.00010000
stage3a_larger_training,123,PICASSO-rec-physics,0.0625,20,5,0.53493929,0.92841215,0.00010000
stage3a_larger_training,123,PICASSO-rec-physics,0.0625,20,6,0.53476682,0.92813595,0.00010000
stage3a_larger_training,123,PICASSO-rec-physics,0.0625,20,7,0.53464041,0.92792265,0.00010000
stage3a_larger_training,123,PICASSO-rec-physics,0.0625,20,8,0.53458699,0.92783545,0.00010000
stage3a_larger_training,123,PICASSO-rec-physics,0.0625,20,9,0.53451509,0.92775410,0.00010000
stage3a_larger_training,123,PICASSO-rec-physics,0.0625,20,10,0.53449498,0.92778386,0.00010000
stage3a_larger_training,123,PICASSO-full,0.0625,20,1,0.53904087,0.93646638,0.00010000
stage3a_larger_training,123,PICASSO-full,0.0625,20,2,0.53681560,0.93265133,0.00010000
stage3a_larger_training,123,PICASSO-full,0.0625,20,3,0.53643315,0.93003319,0.00010000
stage3a_larger_training,123,PICASSO-full,0.0625,20,4,0.53575880,0.92857780,0.00010000
stage3a_larger_training,123,PICASSO-full,0.0625,20,5,0.53567925,0.92817743,0.00010000
stage3a_larger_training,123,PICASSO-full,0.0625,20,6,0.53639942,0.92798361,0.00010000
stage3a_larger_training,123,PICASSO-full,0.0625,20,7,0.53859990,0.92778270,0.00010000
stage3a_larger_training,123,PICASSO-full,0.0625,20,8,0.54056083,0.92764679,0.00010000
stage3a_larger_training,123,PICASSO-full,0.0625,20,9,0.54136102,0.92756771,0.00010000
stage3a_larger_training,123,PICASSO-full,0.0625,20,10,0.54167999,0.92773804,0.00010000
stage3a_larger_training,123,PICASSO-cond-full,0.0625,20,1,0.54109886,0.93930487,0.00010000
stage3a_larger_training,123,PICASSO-cond-full,0.0625,20,2,0.53771193,0.93630584,0.00010000
stage3a_larger_training,123,PICASSO-cond-full,0.0625,20,3,0.53745032,0.93364689,0.00010000
stage3a_larger_training,123,PICASSO-cond-full,0.0625,20,4,0.53661468,0.93110609,0.00010000
stage3a_larger_training,123,PICASSO-cond-full,0.0625,20,5,0.53613826,0.92960988,0.00010000
stage3a_larger_training,123,PICASSO-cond-full,0.0625,20,6,0.53644592,0.92891605,0.00010000
stage3a_larger_training,123,PICASSO-cond-full,0.0625,20,7,0.53834998,0.92846785,0.00010000
stage3a_larger_training,123,PICASSO-cond-full,0.0625,20,8,0.54048909,0.92827228,0.00010000
stage3a_larger_training,123,PICASSO-cond-full,0.0625,20,9,0.54154452,0.92812848,0.00010000
stage3a_larger_training,123,PICASSO-cond-full,0.0625,20,10,0.54187514,0.92804794,0.00010000
